Kommune,Region
København,Hovedstaden
Frederiksberg,Hovedstaden
Albertslund,Hovedstaden
Allerød,Hovedstaden
Ballerup,Hovedstaden
Bornholm,Hovedstaden
Brøndby,Hovedstaden
Dragør,Hovedstaden
Egedal,Hovedstaden
Fredensborg,Hovedstaden
Frederikssund,Hovedstaden
Furesø,Hovedstaden
Gentofte,Hovedstaden
Gladsaxe,Hovedstaden
Glostrup,Hovedstaden
Gribskov,Hovedstaden
Halsnæs,Hovedstaden
Herlev,Hovedstaden
Hillerød,Hovedstaden
Hørsholm,Hovedstaden
Høje-Taastrup,Hovedstaden
Hvidovre,Hovedstaden
Ishøj,Hovedstaden
Lyngby-Taarbæk,Hovedstaden
Rudersdal,Hovedstaden
Rødovre,Hovedstaden
Tårnby,Hovedstaden
Vallensbæk,Hovedstaden
Favrskov,Midtjylland
Hedensted,Midtjylland
Herning,Midtjylland
Holstebro,Midtjylland
Horsens,Midtjylland
Ikast-Brande,Midtjylland
Lemvig,Midtjylland
Norddjurs,Midtjylland
Odder,Midtjylland
Randers,Midtjylland
Ringkøbing-Skjern,Midtjylland
Samsø,Midtjylland
Silkeborg,Midtjylland
Skanderborg,Midtjylland
Skive,Midtjylland
Struer,Midtjylland
Syddjurs,Midtjylland
Viborg,Midtjylland
Århus,Midtjylland
Brønderslev,Nordjylland
Frederikshavn,Nordjylland
Hjørring,Nordjylland
Jammerbugt,Nordjylland
Læsø,Nordjylland
Mariagerfjord,Nordjylland
Morsø,Nordjylland
Rebild,Nordjylland
Thisted,Nordjylland
Vesthimmerlands,Nordjylland
Aalborg,Nordjylland
Assens,Syddanmark
Billund,Syddanmark
Esbjerg,Syddanmark
Fanø,Syddanmark
Fredericia,Syddanmark
Faaborg-Midtfyn,Syddanmark
Haderslev,Syddanmark
Kerteminde,Syddanmark
Kolding,Syddanmark
Langeland,Syddanmark
Middelfart,Syddanmark
Nordfyns,Syddanmark
Nyborg,Syddanmark
Odense,Syddanmark
Svendborg,Syddanmark
Sønderborg,Syddanmark
Tønder,Syddanmark
Varde,Syddanmark
Vejen,Syddanmark
Vejle,Syddanmark
Ærø,Syddanmark
Aabenraa,Syddanmark
Faxe,Sjælland
Greve,Sjælland
Guldborgsund,Sjælland
Holbæk,Sjælland
Kalundborg,Sjælland
Køge,Sjælland
Lejre,Sjælland
Lolland,Sjælland
Næstved,Sjælland
Odsherred,Sjælland
Ringsted,Sjælland
Roskilde,Sjælland
Slagelse,Sjælland
Solrød,Sjælland
Sorø,Sjælland
Stevns,Sjælland
Vordingborg,Sjælland
